file,label,subject,session,sha256,bytes
real/0004_0004_01_06_03_0.jpg,0,0004,01,6140346660b7c79bbd684f2ae2f8fee2e0994575f3ebddcb08dd06a16f5869b8,32493
real/0004_0004_01_06_03_118.jpg,0,0004,01,7d713d6147a7dff46cc7a77f94d4a8687ed1fd2cf77fb8cc5d14ec1b33b1efa2,31562
real/0004_0004_01_06_03_138.jpg,0,0004,01,acdac08a42d41cecd1ca6c551864556cfc3404022f14b4996c9c4f853c7592a5,31196
real/0004_0004_01_06_03_16.jpg,0,0004,01,98decb859a2eb9bc7535cb58681a2f68f7a54067cf8c963eb463e0eef1bddda1,31787
real/0004_0004_01_06_03_193.jpg,0,0004,01,508c621e2f0fb0dcef98a9b641ef4a922c62ea0207ad3cb450bdc5274a38a3df,31595
real/0004_0004_01_06_03_213.jpg,0,0004,01,4d98a052c1a3b76f3eebb2b5de3dfdafa60d679f5bbb8dd28bf01861acec52e0,30272
real/0004_0004_01_06_03_233.jpg,0,0004,01,593c5807671ce34f516163f3d77c89f8d9ec31a52e5a2f3d132f8d70aede0c84,31992
real/0004_0004_01_06_03_253.jpg,0,0004,01,34662dca98bbec5f7b883e340c71f47ec106a3520e158669ad28edbc7067c672,32642
real/0004_0004_01_06_03_276.jpg,0,0004,01,82c75f2a86f5b40aab0dc2aaba584b74de323353953eb0990da56a3f7e472852,32838
real/0004_0004_01_06_03_3.jpg,0,0004,01,d36191554743ba3493c301dbb646aced3167cdec3d415d199372ec88f3049134,32557
real/0004_0004_01_06_03_330.jpg,0,0004,01,6cc88060ef98f947343d4a219ee8be2652c1341be7554d060bd13b66f2bc5e53,32749
real/0004_0004_01_06_03_350.jpg,0,0004,01,143c5a5aa47298a2a1f95e953a1b7b24fd70aa25033ac735a63d7e7d8d7784c3,32626
real/0004_0004_01_06_03_370.jpg,0,0004,01,4ded0dba53a33ce55c6c8e08e97a3bbdbaf0628460a9203ccea0f06cf6e0a00b,31850
real/0004_0004_01_06_03_391.jpg,0,0004,01,b001840eb0508ae596227ebb75cbdf97801605aeb51c19984d863315df3d5bab,32396
real/0004_0004_01_06_03_414.jpg,0,0004,01,fe15f6ba022e42d90a653e90a91905c91838733c5f362f3740314ef5d82f778d,32296
real/0004_0004_01_06_03_435.jpg,0,0004,01,8881bd131c499f8ae5871a8e5c253604b44c890357717164fa2106c34adf6808,32365
real/0004_0004_01_06_03_455.jpg,0,0004,01,2c35202b55e7c1e7e826b207e2f619de5343dbb366efd19b5e165ad2c1a71bde,32609
real/0004_0004_01_06_03_477.jpg,0,0004,01,34aee227350b441a22034b63d9cfa5cd6412f6753754f8d1d309fd3bd86df5e2,32483
real/0004_0004_01_06_03_51.jpg,0,0004,01,96a19bc2ec186b7b3dfe4c1919811b0c9b24ea9eff95f31fe08a6cb030100e20,32073
real/0004_0004_01_06_03_71.jpg,0,0004,01,7fcb3d1ba1f1b3ed5065e2cd13c613612fca409f648f742d70f5b449a4df16fe,31455
real/0004_0004_01_06_03_95.jpg,0,0004,01,ddea22cdff7afe4de8ca1021824198b7af7a177bee183005cda78c0835f0fa5d,31673
real/0006_0006_00_06_03_115.jpg,0,0006,00,36e23e264142294ce84a65fa8c93c6147c2236ab755f9f5e279f19c301eaa90b,31825
real/0006_0006_00_06_03_136.jpg,0,0006,00,9a9cd1e5297c38934bad4c4738b72d164f50ed298d5aed850f8285d39fdd5d22,31923
real/0006_0006_00_06_03_156.jpg,0,0006,00,5291e6a3c51a3fafd1c5f51b1003047f92c0dbb88efcc16c6295cef68167375c,31878
real/0006_0006_00_06_03_176.jpg,0,0006,00,55b8aab35d00e4b247b1bb7440094d8f3eac7d91948e4ba805b94630bb697ae8,32231
real/0006_0006_00_06_03_199.jpg,0,0006,00,269db62ddf246cc73ab495b27c446237556ec039fbd5100bca5b588e5ddb0a09,30688
real/0006_0006_00_06_03_220.jpg,0,0006,00,4501b9888dc330626d9927125761dbe13860c582b333459e59925ffcd61dad6b,31342
real/0006_0006_00_06_03_242.jpg,0,0006,00,cfc7a807962ad843aee35b87c86ac037050c04d5aa6f6e07a3a9d00907c3ed19,30940
real/0006_0006_00_06_03_262.jpg,0,0006,00,22a1430d7ac15c34272b8b23ed52f584d7b443500877a06c2a8b18a3fb87313e,30871
real/0006_0006_00_06_03_282.jpg,0,0006,00,02df7d1f12a12b3bcd1c5b74117b542a9b18ef3b37585f2e4338b27c9ec237b6,31374
real/0006_0006_00_06_03_302.jpg,0,0006,00,f9ba5f25f01c244764761a5b5bc9615bab7ede88c566e456cb363a6f3c8d8205,31449
real/0006_0006_00_06_03_322.jpg,0,0006,00,a073b75e78a58b65cfd1fa954447d0728e0c9ab831b36f15c7e5551e93038dd2,31028
real/0006_0006_00_06_03_343.jpg,0,0006,00,8b0bcf47fd3137c7ad91bc564f90e586a375ce449475926d144dc8e4179e6648,30831
real/0006_0006_00_06_03_363.jpg,0,0006,00,6f4ad26e9c68ddea72d1513c3b4694687d79583073c973493145147acac1a429,31466
real/0006_0006_00_06_03_384.jpg,0,0006,00,0fb73c0e50b2bffbc155efbeb818592f910401db40134203aef741a92400f3b8,30808
real/0006_0006_00_06_03_403.jpg,0,0006,00,24b129637bba58faf3d472562d7867b9e48322b260a4043078caa90af679c17f,30883
real/0006_0006_00_06_03_423.jpg,0,0006,00,a7ea6d49e749743a3d58448a095730da97643b99dfb25cc0a6ed7535e45d07e7,30769
real/0006_0006_00_06_03_444.jpg,0,0006,00,07e8feb2614fa2daf3838cb2b7206e1687ff15a413f4790c2b5a53b1f815e6e5,31095
real/0006_0006_00_06_03_464.jpg,0,0006,00,41b1745928fdb5650669c292799e23c9d9b3affead379deae4e3173d43d486b6,31149
real/0006_0006_00_06_03_485.jpg,0,0006,00,19e655f19d2d82fead67ee00316619d2f29f42e0ea0783028a9a584cfac2f158,30968
real/0006_0006_00_06_03_55.jpg,0,0006,00,d103430b9ea50a39ca7222112e93fcc2a752c9ab78daac5450723291b59f01c4,31488
real/0006_0006_00_06_03_75.jpg,0,0006,00,f7cf3c51ed1a5c0a8d47c29b4e059acf6a01d52f5789721d75362fe916c6d64f,31322
real/0006_0006_00_06_03_96.jpg,0,0006,00,c0bf0cd2ff4694d6dc687a756093c0ebe96198e472c6bfa584076be69cf7ddd4,31597
real/0007_0007_01_05_03_117.jpg,0,0007,01,ae27759b5a0e26632aa411fede49716b1ed12becc79351341c44fcd443ecaf8b,36571
real/0007_0007_01_05_03_148.jpg,0,0007,01,2655dfbcfed0d77e9642c138964489b416d0b031b4ebea59f0bdbfefcaddaf01,33575
real/0007_0007_01_05_03_168.jpg,0,0007,01,d93d8ba0bc0caeab6cbea3505206440cae08bad52691d0c1be5b410fd992d226,34645
real/0007_0007_01_05_03_19.jpg,0,0007,01,a94a400cfd5e7997385734da5b97f5afcb46c38d4a83f5983679efcdb458edd3,33426
real/0007_0007_01_05_03_215.jpg,0,0007,01,8e4450f331693c9afdd0d73144f04ed0b622ac058bab36de9a3723c90ba7bac3,35544
real/0007_0007_01_05_03_235.jpg,0,0007,01,b64966ecd6090d6cccaaf122277f2829388ba09bd6e38ae0091c02bf81ad51e5,34045
real/0007_0007_01_05_03_256.jpg,0,0007,01,6d1476914cd9322a637bee7f07f054c6bcc3cae011dd695921a9ab0c374b2e24,34420
real/0007_0007_01_05_03_282.jpg,0,0007,01,a12bb70f506fd96d857681f93b3d7f7f6178be2ef5aa577ebdc3ad2c57eabf81,34044
real/0007_0007_01_05_03_303.jpg,0,0007,01,aee4b649ae8a7e68f9f7ebf79af0d98d795e5a621ba514f8618d3494d4430ab6,33642
real/0007_0007_01_05_03_330.jpg,0,0007,01,4dd527ee6794ca58c71540d2b356c87b7b432e16bc743332866245399352918f,33038
real/0007_0007_01_05_03_362.jpg,0,0007,01,c0596fe45bcc2ce915bb5405ea3ac11858aa9df9665769561cff16cd5b42f0cc,33162
real/0007_0007_01_05_03_384.jpg,0,0007,01,22401506832ba56fe41a1ab1cc17efffe288ec2ae818f49241270e7bea1bc7b3,33059
real/0007_0007_01_05_03_404.jpg,0,0007,01,3d9060d87c6a36cd476f946afcefc9163855cec6b8dadc8dca06b24f8af7bf66,33066
real/0007_0007_01_05_03_428.jpg,0,0007,01,d045bdff08b8b71fca1b82f447a692b95feedd62ca9c363c50fd5e232f9b6111,32721
real/0007_0007_01_05_03_448.jpg,0,0007,01,4def1697928db358120ad1e3063c55cc1cdd6cbd907980830deaba9f2e05f53a,32947
real/0007_0007_01_05_03_47.jpg,0,0007,01,5b605d0df2e393e04490d64a52c4ba4b3763908307de2f77ca3a571d3f789ec3,33177
real/0007_0007_01_05_03_493.jpg,0,0007,01,3a7c119592400cfcf7060a11e2d972b3409ce3828e55e2fe28642363006dcc22,35374
real/0007_0007_01_05_03_66.jpg,0,0007,01,126845af6dc76246e78f337a7fae09bd89ef4c12998a7af6cf006bee8d658ff3,33585
real/0007_0007_01_05_03_90.jpg,0,0007,01,59c10bbb1bf918979ebdc1160262c294d92c9a7093f512a5e9321a25df420e52,34542
real/0010_0010_01_05_03_243.jpg,0,0010,01,ef789e3b52bd3a4eae36ecd2dcadb762cf89de1c8b0c6b3fa9de7bb344ee892b,34919
real/0010_0010_01_05_03_321.jpg,0,0010,01,609104b6ad5918c66d16ecc061472a02ec00992fc3ba287b425225afe03cfbad,32764
real/0010_0010_01_05_03_404.jpg,0,0010,01,971e0d05333913229937bbf34d601846236e8f07c41f1dfcc8bf344a9412016d,32602
real/0011_0011_01_07_03_102.jpg,0,0011,01,dcd873324ce87a54f6b5da77843379d02e13642014d5c5b526b77fe3faaf888c,28479
real/0011_0011_01_07_03_124.jpg,0,0011,01,27b5ad03a9b32f3117a69a7e318d94a3171217bf5b547689b34d63a6cec3c3cd,30387
real/0011_0011_01_07_03_147.jpg,0,0011,01,cb2d040a5323ab005ca00dc4837cf98ac0fedc71e04085a6b126e433325d8105,30025
real/0011_0011_01_07_03_17.jpg,0,0011,01,d12eef7e19dd3cf40f814c50e95f434babff323cf45d2f523ffc546375415df0,29127
real/0011_0011_01_07_03_194.jpg,0,0011,01,1caf6e6a0a9b2d69acb8e3b634762debe05c54c9871d462a2ed8b6cbaa129f89,33931
real/0011_0011_01_07_03_220.jpg,0,0011,01,ed19f4dcdde94dfc3f1de36a4999ca5876385cf32c94a751a02f96cab20f2c84,30162
real/0011_0011_01_07_03_242.jpg,0,0011,01,ca2fb15147ab3aafdfce68c284c4de534eb1bf584a45743bf98e9694ebe801b6,30987
real/0011_0011_01_07_03_27.jpg,0,0011,01,67adada1edc72b2f782c2a6e95ba41a77e1b9b090c8c4ace695eff1fac4f29db,28945
real/0011_0011_01_07_03_293.jpg,0,0011,01,3e7a3915ff862a84a918cb28d484faefcc5f97230501b79fbb35adf442eed44a,32802
real/0011_0011_01_07_03_313.jpg,0,0011,01,30a886a188f4707e4c2603c090f33659f3bd3fc4680466b4eb25af8eb2c33b37,32189
real/0011_0011_01_07_03_342.jpg,0,0011,01,754e2c859553eacfab7ca7a6c375a3e44a0e883ccb70a4a281365c6a616455e6,33337
real/0011_0011_01_07_03_367.jpg,0,0011,01,bff63ea4ece5965891434b8d2b244789acdded82afbfd4c76b5e7abd68db416e,33298
real/0011_0011_01_07_03_392.jpg,0,0011,01,ac9bcb1d0d73a5ad430098e1ec414a36509421357755a3a2f41217f95898d680,32520
real/0011_0011_01_07_03_416.jpg,0,0011,01,cdc1b4bb104bdf7cd0a86d257104abae0ba1063449a2b459e88def092b5a9fbe,29168
real/0011_0011_01_07_03_44.jpg,0,0011,01,876205986758bd7add2c014da82d8903d46098ceb7f71225f3b6343a256de676,28411
real/0011_0011_01_07_03_487.jpg,0,0011,01,e971a4396b39d892b69be2e451e7e8714a4407c5215b4d43acbde7b05baadfa8,29577
real/0011_0011_01_07_03_58.jpg,0,0011,01,7c7e928396cca2189ed843ddd7a82f7df10cd2e19251337994f2986defe9ad87,29378
real/0011_0011_01_07_03_79.jpg,0,0011,01,bf1897663886372f13ecbaaed0b37356a871f41229b530da9dcac0013fa31824,28358
real/0012_0012_01_07_03_0.jpg,0,0012,01,d7851ed4f21bb6eaf2826ffcd75fd526b07a8c4c44dd8fb53c00652a08236efb,29116
real/0012_0012_01_07_03_120.jpg,0,0012,01,2d52af743d28cab891faa5405c583bbdfb55cc4d22e820d9a32cc02772ecdb3d,29445
real/0012_0012_01_07_03_143.jpg,0,0012,01,a7c6de436c1af73282d113117ddaa1765c7a0ceb5fc0eee7d51c215ab452d278,29489
real/0012_0012_01_07_03_163.jpg,0,0012,01,76401c918cff05abf9fc33d508f1befa8afecbf966236c00fd23b757bf330825,30023
real/0012_0012_01_07_03_183.jpg,0,0012,01,6a5662479444d656cbc743c25b24f46c2271aa74037bb5d09b3c22a53a1d4620,29487
real/0012_0012_01_07_03_203.jpg,0,0012,01,293712f04c3564e0aa7c158a9c432fe31e4748e33963fc2f325a555343c5d15a,28789
real/0012_0012_01_07_03_223.jpg,0,0012,01,29ea3598e650a1773c2a1aa0917972a2198db0f67b6e505395b776a44b50955d,29793
real/0012_0012_01_07_03_244.jpg,0,0012,01,6c9f88f57ffc418255ff2705cceb022f3cc91a3082444649db806d266720103f,28499
real/0012_0012_01_07_03_267.jpg,0,0012,01,c2acceaf7c6d817f09ac9e681d61cef266beca5527d1b6106902abe0106d2d14,28343
real/0012_0012_01_07_03_290.jpg,0,0012,01,e8b5bc3887dc47d8258fd01737dba4addde7f94b2f869691239f1d5c495d6a6c,28001
real/0012_0012_01_07_03_310.jpg,0,0012,01,8e6115f648d007c71156a84a2bfae522d3b11d51f4d22b67cb70f17efe406ce3,28403
real/0012_0012_01_07_03_351.jpg,0,0012,01,777e7fdf32ba07a9cf648c769cfd9a3788cabb12d15696bfbd09ef7a329a86cb,29604
real/0012_0012_01_07_03_372.jpg,0,0012,01,755582a69d89256a968992dfd92444c57eb70350bf58f8fab1f9b32f28b2f146,29164
real/0012_0012_01_07_03_392.jpg,0,0012,01,d74899ebb07b93f2c260b017aa8ff9f7ae4f930b1e0bed454d6119b1cc4b65e3,28874
real/0012_0012_01_07_03_425.jpg,0,0012,01,e385ae4f2134e3afb7335621512e03832bf0dbc13c56198ff72a739ea21c4a2d,28363
real/0012_0012_01_07_03_449.jpg,0,0012,01,ed91bf283176b78c2aa046c975b403972d5eef3e84ded894a5b59366b324df8a,29680
real/0012_0012_01_07_03_469.jpg,0,0012,01,73499b3ffc851e45267aa7d5204454a47aba64aeb88cf9b66eb88cb34c37b9d9,29209
real/0012_0012_01_07_03_49.jpg,0,0012,01,ebd5f3743c976fa566ef028d098357047a4b0d43e31fac96005e14da43fc0a7c,30485
real/0012_0012_01_07_03_66.jpg,0,0012,01,b127d4cac71fe9f26039c6cf0cd7d2faa6f72a289382bfbf838ee28f2a4711e7,29304
real/0012_0012_01_07_03_90.jpg,0,0012,01,24cab96ee22b5507d45c87984467604f89fa6e45dabb2354365e83b03e9f9315,30152
real/0013_0013_01_07_03_112.jpg,0,0013,01,0e31c5e653eea97f7266632d426680129a72abdc8f839dfa1a9afbe0fe348ef9,33432
real/0013_0013_01_07_03_132.jpg,0,0013,01,e8f38bcb63accfd99c0549b9bf34c22ae07f03641067f850b7cb71bb969f668c,32925
real/0013_0013_01_07_03_153.jpg,0,0013,01,ca380794b73c55aa3eb92ee7fe42d13ca0f13bd096ed504eb92324c2da4f1487,32671
real/0013_0013_01_07_03_173.jpg,0,0013,01,13bb54b0a1a5f7899b092cb2100f4a0120cd85ff4343357b8e416ccfee2d63f7,31830
real/0013_0013_01_07_03_199.jpg,0,0013,01,d7d847513fd3581ce2956722e4999e4b7367551c9853dfa2ab6a2a6750bd1b49,32680
real/0013_0013_01_07_03_218.jpg,0,0013,01,559533f87de1786573d8e43ad6e628c9978d54c3924e82c7aae344b54b446677,33033
real/0013_0013_01_07_03_239.jpg,0,0013,01,d2424d86d57941731e053f7a6612ac5a82ca06d715be479a149b2a020726c7b0,32582
real/0013_0013_01_07_03_259.jpg,0,0013,01,0325edae02742eb4055304e68bc66edce10bb43597f1b907cb4f92824e261e0e,32983
real/0013_0013_01_07_03_279.jpg,0,0013,01,e74794eba8b63f729761c6cc943bc197be9fe44b07d204036ac5d75409f20a94,32671
real/0013_0013_01_07_03_3.jpg,0,0013,01,5ab2499df88eb496a0becd6c099c690c65cb9efe68179cca6621fc877b422478,32154
real/0013_0013_01_07_03_319.jpg,0,0013,01,266dae8b937588a99dc63750fb883c374b93042c9367f832b11cb93efe423559,32770
real/0013_0013_01_07_03_34.jpg,0,0013,01,339e08fb1532b379f1288e5222a83543da5e42d7f6760321946da5abb5be82db,33079
real/0013_0013_01_07_03_36.jpg,0,0013,01,28b6804d42165e55ca1957f0946652ed585d655191045767e0e901855e21d0c6,32997
real/0013_0013_01_07_03_38.jpg,0,0013,01,36cdca1c972c3bef37a7c8e518d647c89839dc99d9054ac37873d86fc4bc150b,33455
real/0013_0013_01_07_03_40.jpg,0,0013,01,9f7507310320fa2db58cd5053fce02eb9a252d695b68830d95d9066d4be420ab,33122
real/0013_0013_01_07_03_42.jpg,0,0013,01,2d9453c730259ca260f3aef6c61ed05a1adfc29713da9c96b8b42d57ea5c5921,33140
real/0013_0013_01_07_03_440.jpg,0,0013,01,04318b1dd8872f124bb2fbcb6ca50939c326133976515f3b7e0ab4e60d3669db,32807
real/0013_0013_01_07_03_460.jpg,0,0013,01,d6cd6c0e98565ee6ed819e18fc6a55ff5e2559c13615c84c46b8692f80db3625,32152
real/0013_0013_01_07_03_481.jpg,0,0013,01,888ccf406aa5f8bb8bc3e91ddb4bb67d4ca36134133bd6d056a463ff9f4c4399,31866
real/0013_0013_01_07_03_51.jpg,0,0013,01,de9a87401a52037d160f6734fccdcdc29bd8d58f8dfb1d445f60db0889b03aa1,32918
real/0013_0013_01_07_03_71.jpg,0,0013,01,80ab3a43ca5435040bba74c4f0e4097d2961939caa40cfd008eaac9a4f8cca14,33467
real/0014_0014_01_06_03_109.jpg,0,0014,01,785d15702ea4a1a3d6ae786b07e2f1ffab9cc52bc3b14efb09bc1e4c04e70386,29684
real/0014_0014_01_06_03_129.jpg,0,0014,01,18f56bca4f4024725df843fb007564297e440c41f2124035f4ab1619fd059261,32641
real/0014_0014_01_06_03_154.jpg,0,0014,01,d7ef2e69c8c8ee7f8d0cc8b77e1e1a0fc9ae76900bb3c26efd99ed65170f46b5,30010
real/0014_0014_01_06_03_174.jpg,0,0014,01,b64c79ccf9cf85b08a0a80bbfd95fc8bec3d2621521fa77d78522a66d1f995b9,30463
real/0014_0014_01_06_03_194.jpg,0,0014,01,ff675662c7b0c885a9dac4e81c3337f2171d6a6bb36c96b3d7a1096f20003929,30315
real/0014_0014_01_06_03_214.jpg,0,0014,01,4605c45a039cd47860ca39a23feb7bbab02e68c4bcede8b6e6bb6451d13d1458,30196
real/0014_0014_01_06_03_234.jpg,0,0014,01,845e971c66a9cc92670e51dbbc891577906963d81f405d0b58e784d81fe7d5c2,32334
real/0014_0014_01_06_03_255.jpg,0,0014,01,0a5159f25f1e0ce85e078e86dc3ad1546f7561cd79b965356f18d37505e1b100,30870
real/0014_0014_01_06_03_275.jpg,0,0014,01,147b1009c911de1e8799b1ea594e060b09ed49e346374d50866a7f5e01262bfe,29409
real/0014_0014_01_06_03_30.jpg,0,0014,01,1ebea3407384f78e021591119b7a183ed2e8bf6928d35e3c8b98421e5154b3f4,31031
real/0014_0014_01_06_03_324.jpg,0,0014,01,4ada24da617a5f8f33da7246975d7aa39fe686260cc3544325d644800a6d7b42,29188
real/0014_0014_01_06_03_344.jpg,0,0014,01,ec0d191d03511a86b99f899bb0a90295e158dc62530822e3534e1a66dbe2d4eb,29565
real/0014_0014_01_06_03_365.jpg,0,0014,01,25003b0b93950380508006b3f317a4a5e7cae1270171f79ec404ff964e547b18,29445
real/0014_0014_01_06_03_385.jpg,0,0014,01,44e7efbf20e500618addd15e5b69b81cf6ba4847256a0517878c2a8525360a0e,29263
real/0014_0014_01_06_03_405.jpg,0,0014,01,b976d0464beeb6b49282236bca3f5b057797f01163e364621985888b514f288d,29596
real/0014_0014_01_06_03_425.jpg,0,0014,01,b2e0ebdf3f358f345e6f2cf532da7bef284a485785f8628cc6234b14ab9b3145,30386
real/0014_0014_01_06_03_445.jpg,0,0014,01,a9fbc757dac7a05035a7d4674f1af9e5f54655c0000c848751855ce870bd035f,30598
real/0014_0014_01_06_03_466.jpg,0,0014,01,094b44d16d623d37c9b7f4277a290da432bb6a8c3456a5dd90291f519fcc5d3e,30139
real/0014_0014_01_06_03_486.jpg,0,0014,01,37555163f33f4e7a99c618c3232f467516e2b7226e0205f934c94b00a9becba9,29871
real/0014_0014_01_06_03_57.jpg,0,0014,01,e0211d5f66054680a8aea446f5e463af84bc7da4f22c2802f5ec2db9fb45508c,30212
real/0014_0014_01_06_03_84.jpg,0,0014,01,f82b9cfa98181eedc961ce65327a32da1b2b4cd0f5b341280b3e7e81840f377f,30311
real/0015_0015_01_05_03_120.jpg,0,0015,01,42f7e968f87d434e1f90376e455d9726ee637545a5fcf9e9fc307a395312c3f8,29291
real/0015_0015_01_05_03_156.jpg,0,0015,01,09e2f72dc50abe6820c8ec322871dc673b82f4a92d64f031ad98b5983853360b,29797
real/0015_0015_01_05_03_198.jpg,0,0015,01,abb1adc280017251e5b156398c229fbbbac4663355a52fed2d68f8cf086b562e,29025
real/0015_0015_01_05_03_294.jpg,0,0015,01,e8ba5bc54108bd0fcb144c6bae7052338031c8ff5b3e44b0ab38b55979617f79,28822
real/0015_0015_01_05_03_380.jpg,0,0015,01,c76081e0a4e69afa8235263d1af5a5f86335311cf77f65fce388f306ab19ef65,30203
attack/0001_0001_00_01_03_0.jpg,1,0001,00,51d1547e88e2ea26787d1c2d1566c13bdf13325673874a37d19375a6a77e203a,28007
attack/0001_0001_00_01_03_303.jpg,1,0001,00,2ab884a378c5e5e2d78ff9a5423e14a2c63d5e9f5246c4807542527057b112c0,31269
attack/0001_0001_00_01_03_60.jpg,1,0001,00,1f9d2a8c95183ed249d806cfe72d620869c0edd8f97cc29b23dfda789e757f9b,30200
attack/0001_0001_00_02_03_272.jpg,1,0001,00,7f0d7fd0df1cf1d7013dd3284daf7d7a19d03e9fa02370ec458d3df501fedaaf,31656
attack/0001_0001_00_02_03_478.jpg,1,0001,00,d127ab559f5c6373ee8c17916377b48d73662fee6ec66bf7fa0fa5c57213a65b,31633
attack/0001_0001_00_03_03_237.jpg,1,0001,00,490106d6b3b8ea3bde176b9e7f9b0c033ee5443a500eae8d091aa0726309208a,32233
attack/0001_0001_00_03_03_456.jpg,1,0001,00,d54abc0c6ee0b03261366a8147bb768cc629dac9a94d0a73daa020fbc08ec98b,31129
attack/0001_0001_00_04_03_211.jpg,1,0001,00,d391a776fba184c98a140180682d9e6fc6f32fef71a5ad5636e7379712b08041,22886
attack/0001_0001_00_04_03_424.jpg,1,0001,00,ad6c407d0a72f5fdd70314ef3fbb4f099b883b12674dc6d230e577cfa85e2da0,27907
attack/0001_0001_00_08_03_18.jpg,1,0001,00,a3df20ea69642754fe85ebfb6497e80018b631e2fbf421adec1b4465467706ab,33642
attack/0001_0001_00_08_03_390.jpg,1,0001,00,bff9511762df110f4c602f1405768270f20f039e55da692c9650c8e93c3d0b0e,32541
attack/0002_0002_01_01_03_141.jpg,1,0002,01,d5ac61b080eb5cdc1db28253ba3f4b7f1e666501509422eb6767e423d5697dd4,28635
attack/0002_0002_01_01_03_347.jpg,1,0002,01,ed65f7068f8add55781f6642ba10ce9084527d0e32da6ef4fddfb4344b7ab65c,26969
attack/0002_0002_01_02_03_103.jpg,1,0002,01,15307527bf3e6a087d99101fcd959e8969c81be2fe9953fea35400cf4799ba65,26902
attack/0002_0002_01_02_03_309.jpg,1,0002,01,762514cf428f348b7903d8a7bd621c9b65fea3e7cf39302a8b25f0276cf25cc2,31590
attack/0002_0002_01_02_03_75.jpg,1,0002,01,3713fea16e5b651b265578e490fe6186c544ba7ee47b869798574f5e055adee8,32294
attack/0002_0002_01_03_03_297.jpg,1,0002,01,93b677442a979a7814bf78c5628f24a5fd379350a4565e6afa5b648cd890ae27,26569
attack/0002_0002_01_03_03_72.jpg,1,0002,01,2f261c3ddd78e4f6cd92efd10d72a26c0c7a6f2b4f316f63981a7ceb79e27479,28373
attack/0002_0002_01_04_03_283.jpg,1,0002,01,c04d452473c2e71f3d2d0fc6b36848f37c99ec73892e3baa78d064a9c500e943,25145
attack/0002_0002_01_04_03_492.jpg,1,0002,01,9f17873175af56e8dda13c4ef2a99f3517b1947fe125d450df244faa80646dc4,25162
attack/0002_0002_01_08_03_255.jpg,1,0002,01,9425c51efdb03a1a4f7a8a1d8d6374d9c13e1526bb7404970b10dcc5e0d68260,25368
attack/0002_0002_01_08_03_460.jpg,1,0002,01,ff6409dc7382aaba67c75474bb21ced8f2f876a6e9f00e20f263df702529f1ed,25517
attack/0003_0003_01_01_03_223.jpg,1,0003,01,5d8be87df6767ea8397f7173db0495435e96ddda7d9b151c458a1bbe2a0637d4,25691
attack/0003_0003_01_01_03_446.jpg,1,0003,01,cb42c7f82a260f09d964d6148ceffd62ef40415c93b1ab555241a5e39778ac5b,26675
attack/0003_0003_01_02_03_218.jpg,1,0003,01,7019eb15c10cd52bfe82c801bf2f298183447ab5d5b2cdf0e297d6f65e344b9c,26669
attack/0003_0003_01_02_03_431.jpg,1,0003,01,c9e102075c01e2c686a456bfbebd4f3135a6f5783356cf753181585b341c589c,27288
attack/0003_0003_01_03_03_201.jpg,1,0003,01,738868eb9839838ab8352273a21746866816c75366e12cca65e823cd9f9127bd,24823
attack/0003_0003_01_03_03_409.jpg,1,0003,01,cc5ff8e6697fab83d394e612a54f789befdb0138aa9c80b7a24a89e718b406f6,25171
attack/0003_0003_01_04_03_178.jpg,1,0003,01,da63cc069c98b0d4454a0098d1bd69c61fd0968a4e193a0f374b1d10bbbc49c4,25532
attack/0003_0003_01_04_03_388.jpg,1,0003,01,c9835a1b44cd64925b9675e631a3f9011251fef355d6960b0d42cbc73b28453b,24922
attack/0003_0003_01_08_03_147.jpg,1,0003,01,a3fce3994f0c49c7fbdf4ab36d0ed1f3d82b9ce113586aba76fe9a88d1421678,26310
attack/0003_0003_01_08_03_352.jpg,1,0003,01,0534c9c6c6d605d539ce05028607f07b55fee35abfdb30f9ce64c93e0dffb691,25820
attack/0004_0004_01_01_03_109.jpg,1,0004,01,e01b076dfbc2781e156baf0bfec80904176bcfb87c92e438a2305e4322f8d523,29607
attack/0004_0004_01_01_03_318.jpg,1,0004,01,b4d679081940570e7ad67c6849b4bebe6f7fb3ff5554be44d96ae582cd6a7f94,25829
attack/0004_0004_01_01_03_74.jpg,1,0004,01,42d702df4b264b9b905419c42f4e4b850928267ebd7edeeb52e45b1f7f61cb98,30679
attack/0004_0004_01_02_03_30.jpg,1,0004,01,6219946601ab418d2575b7a480ab387a56828ec2b8d6b8f16d9dc312e89a4e75,31715
attack/0004_0004_01_02_03_61.jpg,1,0004,01,e7b5593e1ba4f90bde0104cfccda5e0a015c8d64181b613e2301ff8c53c93836,32149
attack/0004_0004_01_03_03_272.jpg,1,0004,01,b9f4e354cdd1f38e40de2eaeaf8ef98b7a6edef53360568f58c6be4e8562db56,26920
attack/0004_0004_01_03_03_49.jpg,1,0004,01,95564dca17230444bd376ed742463958063407a553d0eb0939b13ede5b57035a,28164
attack/0004_0004_01_04_03_246.jpg,1,0004,01,1ba6e6786a3b6a87da4e997288eddc27b9806b6c1235a6699395ae65f7fba131,27944
attack/0004_0004_01_04_03_46.jpg,1,0004,01,ccfbeb2f2019bb75a9e5a8be3bd6f1db479d4baad53554c0e5d2ac7553cdc9d2,27866
attack/0004_0004_01_08_03_217.jpg,1,0004,01,97a820b134e90e5759b07c6ce8dd9bf0220ecd29ec65c5adbab85ab7d12a8923,26459
attack/0004_0004_01_08_03_429.jpg,1,0004,01,0c643ea7b14f11ca314597a478e5ba164b5aa21858806372bce0edfe522f704e,26558
attack/0005_0005_00_01_03_180.jpg,1,0005,00,e04a92b80baecb487cce11206d53679f3f0875c48c4ffe33a5214c539023ca31,30820
attack/0005_0005_00_01_03_387.jpg,1,0005,00,fd4f95a1e7e7f5ac119032c30d8e5c065ce8186add13e78a96509c123551ffec,32799
attack/0005_0005_00_02_03_147.jpg,1,0005,00,5a4087fea535441fe52927c1fa2af253bbeb83d2644198ebb1e927f1d5e70d08,30918
attack/0005_0005_00_02_03_352.jpg,1,0005,00,787e600bb0dd27dff0e98a711fa16b32d5d62e9a27174d3f2e626a40b9058c72,31180
attack/0005_0005_00_03_03_112.jpg,1,0005,00,04d755292dac475256ae9488dd59ee491d890d59e627f9d3ae4c611cc7fdb7a1,27712
attack/0005_0005_00_03_03_320.jpg,1,0005,00,bad558e7263ebc747789c4d579d01a1e780f50a4115d465122c47d4dc2d2e43e,29094
attack/0005_0005_00_03_03_81.jpg,1,0005,00,916b84d33d744dc4e1196da44cd463299acf5e6d925e29e0606a7cbf2cf64bee,28627
attack/0005_0005_00_04_03_308.jpg,1,0005,00,aab8b0c761b82a7561c9b143824bdcb269fc70a26c3b5360799d481ca888b164,25488
attack/0005_0005_00_08_03_103.jpg,1,0005,00,a92878985a7fff7045eaf809817c55c29c637270790d3b329f238401c01d8682,27627
attack/0005_0005_00_08_03_314.jpg,1,0005,00,dcbc7f7078cd02b4e82cbc57b31ca354dadde17cbcef3776b405df9ac0f18ee2,28174
attack/0005_0005_00_08_03_70.jpg,1,0005,00,3ab8e93ac82bce2d423d697cb3f8e61b0614e3d488a3cf9179b15dffcacf68fa,27685
attack/0006_0006_00_01_03_331.jpg,1,0006,00,0daf7c1fb4250c1a59814c85d90267121b848246cecf43476343cf22b884d1d3,29516
attack/0006_0006_00_02_03_277.jpg,1,0006,00,be17d39433ed120c3c8da91f47d06ac305d49d6f124348038819a43a80af533d,30122
attack/0006_0006_00_03_03_18.jpg,1,0006,00,94b2d26170e3e2e5755aa02d1d409939cc52d85630828772391e637a51033d73,31015
attack/0006_0006_00_03_03_56.jpg,1,0006,00,8211206bd02fcf3e2db2ed4573ea8e47b5671baff2741a07992a6a79eb2b7dbb,29029
attack/0006_0006_00_04_03_362.jpg,1,0006,00,b98d1b249c0cf7c900de71419e813567f4ba9bdfa2fdbbf8bfcf3ffe425bb2b8,28709
attack/0006_0006_00_08_03_198.jpg,1,0006,00,291f4f8d5b4c67c8de9541ae5439c529446e5987fbb490c697a7b21cc58a6ffb,29814
attack/0006_0006_00_08_03_462.jpg,1,0006,00,17c0ed2f868b911de9ad7bbca4ad926106f86c106d4e3d13db59d5e8b9d76fa5,30531
attack/0007_0007_01_01_03_228.jpg,1,0007,01,05dd92294be9a22315530402876e36df9ff716b6e4e190dc1205743dd30743ba,30064
attack/0007_0007_01_01_03_441.jpg,1,0007,01,b6e709656fb9e66aca47efc03eb853499bdb3a753f26a190794da9e2fd3d8161,30345
attack/0007_0007_01_02_03_198.jpg,1,0007,01,eb0d06629c3c4cedfbf54dbc12542914d2e9ca077fd42f56e6156a5394c0f927,30223
attack/0007_0007_01_02_03_413.jpg,1,0007,01,db764477f200b876056c38595705a5fdddf18fffc01a7f7da2ad6dbe5b6cdad7,30813
attack/0007_0007_01_03_03_18.jpg,1,0007,01,eec062a8a6d5e598e862ffe7f8300d683faed8cfd00f00928577ab70c7bc0e3d,30456
attack/0007_0007_01_03_03_385.jpg,1,0007,01,f88ee5c92199fd947b491f6b454c3e8d5fc7121c132f45a506edb845a74c91e2,30175
attack/0007_0007_01_04_03_148.jpg,1,0007,01,2ec78a3d669db758060ec0c696509edcd3d1a159551b47448e04f8c090e0f0ea,26290
attack/0007_0007_01_04_03_380.jpg,1,0007,01,9723572b356d589678af10be7d1fa12f8d1505f024522a429d0defd26f7123b7,26463
attack/0007_0007_01_08_03_141.jpg,1,0007,01,b601e898748944ebf0a033f36e731af00c66ec79eb02757abfe0a7824daa8538,31876
attack/0007_0007_01_08_03_347.jpg,1,0007,01,04d47cfba87632920b6850c27728f3e236dfc1995aa6810cf85e0f6f89617f54,31432
attack/0008_0008_00_01_03_0.jpg,1,0008,00,2ec0a87feb0829139054d6ca1d751bcadeb923b4daed7d00dbd72e6610ec0055,32508
attack/0008_0008_00_01_03_309.jpg,1,0008,00,4e4df62fb93ec8064dea37f0a9c467ae3ab66007efba90a7336c32942e1dc231,29797
attack/0008_0008_00_01_03_65.jpg,1,0008,00,ff630af820d67490bb58ef0493c8d4d1f201d3f6a6b9edc86de340ccb3e8b8af,26492
attack/0008_0008_00_02_03_271.jpg,1,0008,00,7dcb3ccaba3b43aa1aa03bf530e6b259055d6a79090347ddaeaf6fdd9c692d98,28527
attack/0008_0008_00_02_03_477.jpg,1,0008,00,fb929584ac8e3f6b09c49a5d86a11c6087515e9c5c76683194f7c24ee196c0cd,31101
attack/0008_0008_00_03_03_230.jpg,1,0008,00,6fb5cb42c72b8df613bde4445d7028c96317b246ee55893eb935f2f049da8c41,29335
attack/0008_0008_00_03_03_441.jpg,1,0008,00,4acfc996fb81bd4aa7f47dbe6f2dea326fffcd09f023a716e41238c81400639a,30842
attack/0008_0008_00_04_03_196.jpg,1,0008,00,37adcd7efeda0547722fd58f884f04d089e7597f25289da6acf4c87c09ea6e6d,27683
attack/0008_0008_00_04_03_407.jpg,1,0008,00,8b0af649372b7a808877559b4815c4b0dfa74f73addc101aaec47a0de21cb696,27130
attack/0008_0008_00_08_03_166.jpg,1,0008,00,550a3773df5bc6f3619b280963dc52394e07939dd8e3377d965fe52c92c67ad0,31069
attack/0008_0008_00_08_03_394.jpg,1,0008,00,2a2843ebb5dc87cb0c4bb2e3f18c0640cf4c4150b530ad685d7a0f62e68063bc,31514
attack/0009_0009_01_01_03_196.jpg,1,0009,01,26cbe4b4697b3b4860dc7d17dcabb7e19f63d0ab00159d5751ba19035b3bf777,33118
attack/0009_0009_01_01_03_400.jpg,1,0009,01,70a4ccb8325e2d5c38815eb827541d7da112689f8fc638a8ebcfa9263ac25f22,30798
attack/0009_0009_01_02_03_158.jpg,1,0009,01,c8b14c6f4cd5a2f2749c49580df2cb829a72e3fd5846a147be07d880cb213e70,31152
attack/0009_0009_01_02_03_363.jpg,1,0009,01,f6a744ee460761c1577f6008902d3e8750ceb5f804487d2ebb57956f36077b6d,34022
attack/0009_0009_01_03_03_114.jpg,1,0009,01,3a865bd2a9bdfce5de95a0079583a8254729fd0c622dee3763a502a7f5a65c4a,31953
attack/0009_0009_01_03_03_333.jpg,1,0009,01,ba5aca5de5112a49cf3928907f7f7ac92886f64ac4c7aea0b034408ab91a3a35,28799
attack/0009_0009_01_04_03_0.jpg,1,0009,01,8ea383c27a575cf9a877dd9a0d33b40d288453107562a1f34f80348cabb1f75e,28106
attack/0009_0009_01_04_03_309.jpg,1,0009,01,b295b4510ada296680103c3f9eb484db9f65600953ccacea1e3b8f3fa765f912,27685
attack/0009_0009_01_04_03_67.jpg,1,0009,01,480a04af50aa907a7d38c9f37901628aae66523a069454cdfcc4654c112aca9e,23732
attack/0009_0009_01_08_03_282.jpg,1,0009,01,1c27a0a38fc8fdc03c8cce40b41900fbff93239cf9f8339ddf8f6111b64170ad,30406
attack/0009_0009_01_08_03_488.jpg,1,0009,01,41aaeca16bd15c01220274a69948ede2bea311f7ef1e96c389e4d43427f5a6ac,30526
attack/0010_0010_01_01_03_221.jpg,1,0010,01,5653081c2493dc3613b80b794550636c58ca6899623dc0ac59fa24355bf06b6d,37652
attack/0010_0010_01_01_03_406.jpg,1,0010,01,a689540db43a0ae6b86606cf8a94ac6cb20a1c75f22cbbe53e683feec71a9f9d,36223
attack/0010_0010_01_02_03_141.jpg,1,0010,01,6a0d02cf1b04e13a453bbbd644fe8d79f6c6d44c736c743c2bd5f10e8ad34675,38583
attack/0010_0010_01_02_03_461.jpg,1,0010,01,ac417d16924ecb43a26deb3b774d67933a3ac6d5e7eaaea962714f069bbeb3d2,35003
attack/0010_0010_01_08_03_226.jpg,1,0010,01,a8b02316733fbcced3f652ce8f5ad67e582acd27032c45068d368c7feed0424c,32651
attack/0010_0010_01_08_03_434.jpg,1,0010,01,4171c09ecea534df8a7fee197c446c00415e22a99735bfc6ada07dd0b2433383,32063
attack/0011_0011_01_01_03_221.jpg,1,0011,01,2fad7c88e096f51ac34137e6dcbd715083499bb55fab6adcb8e2c189df2aa57c,39065
attack/0011_0011_01_01_03_489.jpg,1,0011,01,c2902380ce6f31b5fae44bfa1bae122189dfde37293a803369003068ef39ab60,35437
attack/0011_0011_01_02_03_77.jpg,1,0011,01,14206d34bae8e08a647a046ddea47bd781cabc6288bf0cff8501ef664db2e471,36790
attack/0011_0011_01_03_03_300.jpg,1,0011,01,896f4df1530dcb6abfcd741e560924698c235b082fd4613dfd1bc33e7e877e37,36689
attack/0011_0011_01_03_03_51.jpg,1,0011,01,df4234ad8b2504c902fcef117a817d77d3a7a03ccdd798414e2357394d97b250,32671
attack/0011_0011_01_04_03_28.jpg,1,0011,01,bf972796ebf4d85d0843a1a53d74657394f653e79e666f27976007cd018ee614,33986
attack/0011_0011_01_04_03_51.jpg,1,0011,01,c58075965e75b5d8d75fcfa7aec41991036afcb787b82fac695a92b8a815fdce,34615
attack/0011_0011_01_08_03_386.jpg,1,0011,01,5c99abacdcf86c9b48f06be606173fb79a99f9bd2f98e142bb1b3c3ef50352ae,36787
attack/0012_0012_01_01_03_205.jpg,1,0012,01,a5bb359d45f11dc1c7aa0e6e4424b6833c968ac7378c1db5396805773f7a450a,37615
attack/0012_0012_01_01_03_406.jpg,1,0012,01,a38c645e3ba1133326aec593878d56bc17f9c60cce7e5e077bc7b3bd2be04e13,35292
attack/0012_0012_01_02_03_228.jpg,1,0012,01,60e0c3ad1c04db93acc4cb70f19024a800c911189acc3c8757db90a9b4bae54d,36762
attack/0012_0012_01_03_03_124.jpg,1,0012,01,bb288510489cf3af7b56259cd099bdf6c56277efa4411ddf60dd5381da6b2a2a,34752
attack/0012_0012_01_03_03_306.jpg,1,0012,01,ca0ee0b140687ea6ff62aa817591e00ca953a27c096021835b2b74dfe5c634cb,34907
attack/0012_0012_01_03_03_490.jpg,1,0012,01,f279c563bd8db2e1fa6f1e8618acda8e7f1e8b633265fcc241c54ba7a914f958,31371
attack/0012_0012_01_04_03_228.jpg,1,0012,01,81acce7da00746f260bb200d033efd39df3843b3bf682b387e905decc8f9c943,33902
attack/0012_0012_01_04_03_425.jpg,1,0012,01,0b54947818ade4aff85f27f3cecfb7f259f7405f3bcd1b5603ce0b3a32000678,36117
attack/0012_0012_01_08_03_17.jpg,1,0012,01,0f3970daddcef9079f66f09c647603db4e10f5a77731f0b8db523aa11cb9a933,33598
attack/0012_0012_01_08_03_432.jpg,1,0012,01,b01496ade899e053e9e6e55528cb87ee29eb2e5bad4364c3746ba8cfcf5ba181,34376
attack/0014_0014_01_01_03_186.jpg,1,0014,01,99fe8e32330498e2b2bf0c30de4fbf9f1b392aa52f4d67f81f28a752c5002089,36169
attack/0014_0014_01_01_03_365.jpg,1,0014,01,93fad363c68c88eebb0f413f1d2674fc5b244a5f7a9e2563236a146106dbf1ff,36924
attack/0014_0014_01_02_03_117.jpg,1,0014,01,3dfb98914a1cbca98c3623a798676be983d2228f1923e61a7dc567490a8dfb17,37554
attack/0014_0014_01_02_03_418.jpg,1,0014,01,d70bfe259146c5e16127ca2640a783b871a82a931016721eb9fd949a90c349d3,36881
attack/0014_0014_01_03_03_206.jpg,1,0014,01,2a0117b2e94f9a4a5a55130eb77601331f0e362b74d051c961438dc64bc8bb01,36502
attack/0014_0014_01_03_03_378.jpg,1,0014,01,5466924ff55f3ece834b67d71c99372a0bde0c793a72ab0dc57abdca652cc8f9,36175
attack/0014_0014_01_04_03_103.jpg,1,0014,01,cb99b3deb3da8b5d0cd71d0cefca2eedea96435c2195e078e903040173b8f05a,35449
attack/0014_0014_01_04_03_278.jpg,1,0014,01,dd3d575fc01654fa4f152589dcffdd28b8570502e898e7ab64a6d534623ebb8f,34300
attack/0014_0014_01_04_03_452.jpg,1,0014,01,f6527f44efffd5ab03dfe736bd812264857ab1e8df595facac6ff202ad7f8f3a,35092
attack/0014_0014_01_08_03_182.jpg,1,0014,01,00ca03f470261330472f9eec681dac3f7db5fd208c7b4b6e259c340eedfe3190,32782
attack/0014_0014_01_08_03_381.jpg,1,0014,01,1454d08f2258ebe6f9452b4e6d6da9cd75f100bc39d017aa4245f951da2f67a0,34915
attack/0015_0015_01_01_03_118.jpg,1,0015,01,3ccba9429db0bcaedc25931b7b04900510a286d6339075b5d4963b7f67c10c2b,36090
attack/0015_0015_01_01_03_353.jpg,1,0015,01,d424a3113b9ee74785b2379420501e88b12ef216ce4d6cda87f771894f233ada,36662
attack/0015_0015_01_02_03_139.jpg,1,0015,01,a29780b534cd95a1940f94a74eda8e9de8ee9bd698397a12bd03c3db5bc9a457,35007
attack/0015_0015_01_03_03_111.jpg,1,0015,01,78818b7ab2dc3275947ddee317483f42457ecadf79a45f627b1b87781421fe69,35991
attack/0015_0015_01_03_03_292.jpg,1,0015,01,e29e7bc14ec1a41eff0947bf6473e7279786353a61be79c1653ecca8dd7b7181,36127
attack/0015_0015_01_03_03_476.jpg,1,0015,01,eea6f66cf3fec8cf673b0a81b0bcf6c556e14f93496f8486048f7486ce230367,35784
attack/0015_0015_01_04_03_22.jpg,1,0015,01,aca06e8022041be9640faa065658f504d0cfff297311b1c930811594cbaa020d,42065
attack/0015_0015_01_04_03_398.jpg,1,0015,01,75ac6080a293e5d8ef5b1e1920aac79b46c168836195b6c8d3218c12ba9bf09e,31554
attack/0015_0015_01_08_03_15.jpg,1,0015,01,c61c577a7b7aa145f5df353588a6218cdd84b09fb86557e68b93f9c9ceb0da70,33926
attack/0015_0015_01_08_03_362.jpg,1,0015,01,f0d479df9f7e82b237d27d6bb9da4ade8400ae982f31e68e046a1a273522962d,40486
attack/0016_0016_01_01_03_137.jpg,1,0016,01,55135c82ec172a22bd2b5a97ff658d0316d61d9ed518c2fbae578cec8c4b6f86,41989
attack/0016_0016_01_01_03_340.jpg,1,0016,01,571f9716c4f3cf8c3ed3e17cb56d5e121ad2ef9e7cf2067f5d10044d36e4e881,36974
attack/0016_0016_01_01_03_80.jpg,1,0016,01,150d8e07f649de2541ecc9f7953345ec27e15fe307174ea5cdf65a5a6c49365d,33195
attack/0016_0016_01_02_03_274.jpg,1,0016,01,7d9ebae559b885cb644dc028563375401fbf240d1e617b9f6e60227935d46155,35742
attack/0016_0016_01_02_03_481.jpg,1,0016,01,9e822eab18f601b1aba3fe76153b871a0076a612cac0b22dab942d2557deea05,31820
attack/0016_0016_01_03_03_208.jpg,1,0016,01,7a7c5346f2a413d658bd2d7d649086e675f1b5631fe690cb205d180e6b0376b2,38034
attack/0016_0016_01_03_03_387.jpg,1,0016,01,4ff8134898ec700b583180310946188749c6641a9a4a85811b6008fbb7265650,39630
attack/0016_0016_01_04_03_107.jpg,1,0016,01,a967b92bd00497e1b93e301bfda866e6c2e9978b54b8d08c13afdd0c8a32c523,30512
attack/0016_0016_01_04_03_284.jpg,1,0016,01,a623af2e90c2a3d647401a638f2ee59c2bcfc2274f866d25630291384b172cf3,30264
attack/0016_0016_01_04_03_458.jpg,1,0016,01,9b4fb384cccc605d5b0ee8eb2db1392ef870f1deec30e235313b3006b980eb57,34051
attack/0016_0016_01_08_03_192.jpg,1,0016,01,212c567e5e7fbd4a20d2410819c2a7248fe316b9c30d834f2996f67f076ce2ca,31472
attack/0016_0016_01_08_03_363.jpg,1,0016,01,823a742a0098c4c299b1ce339d7aac31d28c20b0d9d10cfa46326b9d5ef9e64e,35789
